----------PAISES
INSERT INTO PAISES(ID_PAIS, NOME) VALUES(PAISES_SEQ.NEXTVAL, 'BRASIL');
INSERT INTO PAISES(ID_PAIS, NOME) VALUES(PAISES_SEQ.NEXTVAL, 'ARGENTINA');
INSERT INTO PAISES(ID_PAIS, NOME) VALUES(PAISES_SEQ.NEXTVAL, 'URUGUAI');
INSERT INTO PAISES(ID_PAIS, NOME) VALUES(PAISES_SEQ.NEXTVAL, 'CHILE');
INSERT INTO PAISES(ID_PAIS, NOME) VALUES(PAISES_SEQ.NEXTVAL, 'ESTADOS UNIDOS');
INSERT INTO PAISES(ID_PAIS, NOME) VALUES(PAISES_SEQ.NEXTVAL, 'INGLATERRA');

--SELECT * FROM PAISES;
--SELECT * FROM PAISES WHERE ID_PAIS = 1;
--SELECT * FROM PAISES ORDER BY ID_PAIS DESC;

--UPDATE PAISES SET NOME = 'ESTADOS UNIDOS' WHERE ID_PAIS = 5;
--DELETE FROM PAISES WHERE ID_PAIS = 5;

----------ESTADOS

INSERT INTO ESTADOS(ID_ESTADO, NOME, FK_ID_PAIS) VALUES(ESTADOS_SEQ.NEXTVAL, 'RIO GRANDE DO SUL', 1);
INSERT INTO ESTADOS(ID_ESTADO, NOME, FK_ID_PAIS) VALUES(ESTADOS_SEQ.NEXTVAL, 'SANTA CATARINA', 1);
INSERT INTO ESTADOS(ID_ESTADO, NOME, FK_ID_PAIS) VALUES(ESTADOS_SEQ.NEXTVAL, 'PARANÁ', 1);
INSERT INTO ESTADOS(ID_ESTADO, NOME, FK_ID_PAIS) VALUES(ESTADOS_SEQ.NEXTVAL, 'RIO DE JANEIRO', 1);
INSERT INTO ESTADOS(ID_ESTADO, NOME, FK_ID_PAIS) VALUES(ESTADOS_SEQ.NEXTVAL, 'SÃO PAULO', 1);
INSERT INTO ESTADOS(ID_ESTADO, NOME, FK_ID_PAIS) VALUES(ESTADOS_SEQ.NEXTVAL, 'NA', 1);
INSERT INTO ESTADOS(ID_ESTADO, NOME, FK_ID_PAIS) VALUES(ESTADOS_SEQ.NEXTVAL, 'CALIFÓRNIA', 5);
INSERT INTO ESTADOS(ID_ESTADO, NOME, FK_ID_PAIS) VALUES(ESTADOS_SEQ.NEXTVAL, 'BOROUGHS', 7);
INSERT INTO ESTADOS(ID_ESTADO, NOME, FK_ID_PAIS) VALUES(ESTADOS_SEQ.NEXTVAL, 'SÃO PAULO', 1);
INSERT INTO ESTADOS(ID_ESTADO, NOME, FK_ID_PAIS) VALUES(ESTADOS_SEQ.NEXTVAL, 'BUENOS AIRES', 2);

--SELECT * FROM ESTADOS INNER JOIN PAISES ON ESTADOS.FK_ID_PAIS = PAISES.ID_PAIS;
--SELECT ESTADOS.NOME ESTADO, PAISES.NOME PAIS FROM ESTADOS INNER JOIN PAISES ON ESTADOS.FK_ID_PAIS = PAISES.ID_PAIS;
--SELECT ESTADOS.NOME ESTADO, PAISES.NOME PAIS FROM ESTADOS RIGHT JOIN PAISES ON ESTADOS.FK_ID_PAIS = PAISES.ID_PAIS;

----------CIDADES

INSERT INTO CIDADES(ID_CIDADE, NOME, FK_ID_ESTADO) VALUES(CIDADES_SEQ.NEXTVAL, 'NA', 6);
INSERT INTO CIDADES(ID_CIDADE, NOME, FK_ID_ESTADO) VALUES(CIDADES_SEQ.NEXTVAL, 'SAN FRANCISCO', 7);
INSERT INTO CIDADES(ID_CIDADE, NOME, FK_ID_ESTADO) VALUES(CIDADES_SEQ.NEXTVAL, 'LONDRES', 8);
INSERT INTO CIDADES(ID_CIDADE, NOME, FK_ID_ESTADO) VALUES(CIDADES_SEQ.NEXTVAL, 'ITU', 5);
INSERT INTO CIDADES(ID_CIDADE, NOME, FK_ID_ESTADO) VALUES(CIDADES_SEQ.NEXTVAL, 'BUENOS AIRES', 10);

----------BAIRROS

INSERT INTO BAIRROS(ID_BAIRRO, NOME, FK_ID_CIDADE) VALUES(BAIRROS_SEQ.NEXTVAL, 'NA', 1);
INSERT INTO BAIRROS(ID_BAIRRO, NOME, FK_ID_CIDADE) VALUES(BAIRROS_SEQ.NEXTVAL, 'Between Hyde and Powell Streets', 2);
INSERT INTO BAIRROS(ID_BAIRRO, NOME, FK_ID_CIDADE) VALUES(BAIRROS_SEQ.NEXTVAL, 'Croydon', 3);
INSERT INTO BAIRROS(ID_BAIRRO, NOME, FK_ID_CIDADE) VALUES(BAIRROS_SEQ.NEXTVAL, 'Qualquer', 4);
INSERT INTO BAIRROS(ID_BAIRRO, NOME, FK_ID_CIDADE) VALUES(BAIRROS_SEQ.NEXTVAL, 'Caminito', 5);

----------ENDEREÇOS

INSERT INTO ENDERECOS(ID_ENDERECO, LOGRADOURO, NUMERO, COMPLEMENTO, FK_ID_BAIRRO) VALUES(ENDERECOS_SEQ.NEXTVAL, 'Rua Testando', 55, 'Loja 1', 1);
INSERT INTO ENDERECOS(ID_ENDERECO, LOGRADOURO, NUMERO, COMPLEMENTO, FK_ID_BAIRRO) VALUES(ENDERECOS_SEQ.NEXTVAL, 'Rua Testing', 122, '', 2);
INSERT INTO ENDERECOS(ID_ENDERECO, LOGRADOURO, NUMERO, COMPLEMENTO, FK_ID_BAIRRO) VALUES(ENDERECOS_SEQ.NEXTVAL, 'Rua Testing', 525, '', 3);
INSERT INTO ENDERECOS(ID_ENDERECO, LOGRADOURO, NUMERO, COMPLEMENTO, FK_ID_BAIRRO) VALUES(ENDERECOS_SEQ.NEXTVAL, 'Rua Testando', 55, 'Loja 2', 1);
INSERT INTO ENDERECOS(ID_ENDERECO, LOGRADOURO, NUMERO, COMPLEMENTO, FK_ID_BAIRRO) VALUES(ENDERECOS_SEQ.NEXTVAL, 'Rua Testando', 55, 'Loja 3', 1);
INSERT INTO ENDERECOS(ID_ENDERECO, LOGRADOURO, NUMERO, COMPLEMENTO, FK_ID_BAIRRO) VALUES(ENDERECOS_SEQ.NEXTVAL, 'Rua Do Meio', 2233, '', 4);
INSERT INTO ENDERECOS(ID_ENDERECO, LOGRADOURO, NUMERO, COMPLEMENTO, FK_ID_BAIRRO) VALUES(ENDERECOS_SEQ.NEXTVAL, 'Rua Do Boca', 222, '', 5);
INSERT INTO ENDERECOS(ID_ENDERECO, LOGRADOURO, NUMERO, COMPLEMENTO, FK_ID_BAIRRO) VALUES(ENDERECOS_SEQ.NEXTVAL, 'Avenida NA', 171, '', 1);
INSERT INTO ENDERECOS(ID_ENDERECO, LOGRADOURO, NUMERO, COMPLEMENTO, FK_ID_BAIRRO) VALUES(ENDERECOS_SEQ.NEXTVAL, 'Rua Limoeiro', 56, '', 4);
INSERT INTO ENDERECOS(ID_ENDERECO, LOGRADOURO, NUMERO, COMPLEMENTO, FK_ID_BAIRRO) VALUES(ENDERECOS_SEQ.NEXTVAL, 'Rua River', 269, 'Ap 101', 5);
INSERT INTO ENDERECOS(ID_ENDERECO, LOGRADOURO, NUMERO, COMPLEMENTO, FK_ID_BAIRRO) VALUES(ENDERECOS_SEQ.NEXTVAL, 'Fish and Chips Street', 98, 'Ap 302', 3);
INSERT INTO ENDERECOS(ID_ENDERECO, LOGRADOURO, NUMERO, COMPLEMENTO, FK_ID_BAIRRO) VALUES(ENDERECOS_SEQ.NEXTVAL, 'Rua NA', 47, '', 1);
INSERT INTO ENDERECOS(ID_ENDERECO, LOGRADOURO, NUMERO, COMPLEMENTO, FK_ID_BAIRRO) VALUES(ENDERECOS_SEQ.NEXTVAL, 'Rua Teste', 904, 'Casa 98', 1);
INSERT INTO ENDERECOS(ID_ENDERECO, LOGRADOURO, NUMERO, COMPLEMENTO, FK_ID_BAIRRO) VALUES(ENDERECOS_SEQ.NEXTVAL, '5th Avenue', 209, 'Ap 710', 2);

----------BANCOS

INSERT INTO BANCOS(ID_BANCO, CODIGO, NOME) VALUES(BANCOS_SEQ.NEXTVAL, 011, 'BANCO ALFA');
INSERT INTO BANCOS(ID_BANCO, CODIGO, NOME) VALUES(BANCOS_SEQ.NEXTVAL, 241, 'BANCO BETA');
INSERT INTO BANCOS(ID_BANCO, CODIGO, NOME) VALUES(BANCOS_SEQ.NEXTVAL, 307, 'BANCO OMEGA');

----------AGENCIAS

INSERT INTO AGENCIAS(ID_AGENCIA, FK_ID_BANCO, CODIGO, NOME, FK_ID_ENDERECO) VALUES(AGENCIAS_SEQ.NEXTVAL, 1, 0001, 'Web', 1);
INSERT INTO AGENCIAS(ID_AGENCIA, FK_ID_BANCO, CODIGO, NOME, FK_ID_ENDERECO) VALUES(AGENCIAS_SEQ.NEXTVAL, 1, 0002, 'California', 2);
INSERT INTO AGENCIAS(ID_AGENCIA, FK_ID_BANCO, CODIGO, NOME, FK_ID_ENDERECO) VALUES(AGENCIAS_SEQ.NEXTVAL, 1, 0101, 'Londres', 3);
INSERT INTO AGENCIAS(ID_AGENCIA, FK_ID_BANCO, CODIGO, NOME, FK_ID_ENDERECO) VALUES(AGENCIAS_SEQ.NEXTVAL, 2, 0001, 'Web', 4);
INSERT INTO AGENCIAS(ID_AGENCIA, FK_ID_BANCO, CODIGO, NOME, FK_ID_ENDERECO) VALUES(AGENCIAS_SEQ.NEXTVAL, 3, 0001, 'Web', 5);
INSERT INTO AGENCIAS(ID_AGENCIA, FK_ID_BANCO, CODIGO, NOME, FK_ID_ENDERECO) VALUES(AGENCIAS_SEQ.NEXTVAL, 3, 8761, 'Itu', 6);
INSERT INTO AGENCIAS(ID_AGENCIA, FK_ID_BANCO, CODIGO, NOME, FK_ID_ENDERECO) VALUES(AGENCIAS_SEQ.NEXTVAL, 3, 4567, 'Hermana', 7);

----------CLIENTES

INSERT INTO CLIENTES(CPF, NOME, RG, CONJUGE, ESTADO_CIVIL, DATA_NASCIMENTO, FK_ID_ENDERECO) 
    VALUES(95009367041, 'Sophia Sousa Ferreira', 260590976, 'Mateus Dias Ferreira', 'CASADO', '19/11/1979', 11);
INSERT INTO CLIENTES(CPF, NOME, RG, CONJUGE, ESTADO_CIVIL, DATA_NASCIMENTO, FK_ID_ENDERECO) 
    VALUES(00376809000, 'Carla Araujo Melo', 301741323, 'Victor Melo', 'CASADO', '03/05/1986', 10);
INSERT INTO CLIENTES(CPF, NOME, RG, CONJUGE, ESTADO_CIVIL, DATA_NASCIMENTO, FK_ID_ENDERECO) 
    VALUES(35030027076, 'Victor Melo', 374999995, 'Carla Araujo Melo', 'CASADO', '11/11/1986', 10);
INSERT INTO CLIENTES(CPF, NOME, RG, CONJUGE, ESTADO_CIVIL, DATA_NASCIMENTO, FK_ID_ENDERECO) 
    VALUES(62415292001, 'Mateus Dias Ferreira', 398046141, 'Sophia Sousa Ferreira', 'CASADO', '30/10/1977', 11);
INSERT INTO CLIENTES(CPF, NOME, RG, CONJUGE, ESTADO_CIVIL, DATA_NASCIMENTO, FK_ID_ENDERECO) 
    VALUES(61825104042, 'Bianca Ribeiro Barbosa', 310866558, 'NA', 'SOLTEIRO', '21/05/1963', 12);
INSERT INTO CLIENTES(CPF, NOME, RG, CONJUGE, ESTADO_CIVIL, DATA_NASCIMENTO, FK_ID_ENDERECO) 
    VALUES(82007976005, 'Gustavo Rocha Oliveira', 432346454, 'Raissa Alves Oliveira', 'UNIÃO ESTÁVEL', '19/09/1984', 9);
INSERT INTO CLIENTES(CPF, NOME, RG, CONJUGE, ESTADO_CIVIL, DATA_NASCIMENTO, FK_ID_ENDERECO) 
    VALUES(24406473068, 'Matheus Barros Pinto', 460463846, 'NA', 'SOLTEIRO', '01/01/1982', 8);
INSERT INTO CLIENTES(CPF, NOME, RG, CONJUGE, ESTADO_CIVIL, DATA_NASCIMENTO, FK_ID_ENDERECO) 
    VALUES(77363744068, 'Raissa Alves Oliveira', 265899667, 'Gustavo Rocha Oliveira', 'UNIÃO ESTÁVEL', '16/12/1998', 9);
INSERT INTO CLIENTES(CPF, NOME, RG, CONJUGE, ESTADO_CIVIL, DATA_NASCIMENTO, FK_ID_ENDERECO) 
    VALUES(22352620074, 'Thiago Ribeiro Cardoso', 296340406, 'NA', 'SOLTEIRO', '02/07/1994', 13);
INSERT INTO CLIENTES(CPF, NOME, RG, CONJUGE, ESTADO_CIVIL, DATA_NASCIMENTO, FK_ID_ENDERECO) 
    VALUES(29731529098, 'Leila Lima Costa', 121003462, 'NA', 'SOLTEIRO', '24/04/1988', 14);

----------CORRENTISTAS

INSERT INTO CORRENTISTAS(ID_CORRENTISTA, RAZAO_SOCIAL, CNPJ, TIPO)
    VALUES(CORRENTISTAS_SEQ.NEXTVAL, 'NA', 'NA', 'CONJUNTA');
INSERT INTO CORRENTISTAS(ID_CORRENTISTA, RAZAO_SOCIAL, CNPJ, TIPO)
    VALUES(CORRENTISTAS_SEQ.NEXTVAL, 'NA', 'NA', 'CONJUNTA');
INSERT INTO CORRENTISTAS(ID_CORRENTISTA, RAZAO_SOCIAL, CNPJ, TIPO)
    VALUES(CORRENTISTAS_SEQ.NEXTVAL, 'NA', 'NA', 'CONJUNTA');
INSERT INTO CORRENTISTAS(ID_CORRENTISTA, RAZAO_SOCIAL, CNPJ, TIPO)
    VALUES(CORRENTISTAS_SEQ.NEXTVAL, 'FOODS AND DRINKS', 00674371000159, 'PJ');
INSERT INTO CORRENTISTAS(ID_CORRENTISTA, RAZAO_SOCIAL, CNPJ, TIPO)
    VALUES(CORRENTISTAS_SEQ.NEXTVAL, 'PUB QUALQUER', 80001561000144, 'PJ');
INSERT INTO CORRENTISTAS(ID_CORRENTISTA, RAZAO_SOCIAL, CNPJ, TIPO)
    VALUES(CORRENTISTAS_SEQ.NEXTVAL, 'NA', 'NA', 'PF');
INSERT INTO CORRENTISTAS(ID_CORRENTISTA, RAZAO_SOCIAL, CNPJ, TIPO)
    VALUES(CORRENTISTAS_SEQ.NEXTVAL, 'NA', 'NA', 'PF');
INSERT INTO CORRENTISTAS(ID_CORRENTISTA, RAZAO_SOCIAL, CNPJ, TIPO)
    VALUES(CORRENTISTAS_SEQ.NEXTVAL, 'NA', 'NA', 'INVESTIMENTO');
INSERT INTO CORRENTISTAS(ID_CORRENTISTA, RAZAO_SOCIAL, CNPJ, TIPO)
    VALUES(CORRENTISTAS_SEQ.NEXTVAL, 'NA', 'NA', 'INVESTIMENTO');
INSERT INTO CORRENTISTAS(ID_CORRENTISTA, RAZAO_SOCIAL, CNPJ, TIPO)
    VALUES(CORRENTISTAS_SEQ.NEXTVAL, 'NA', 'NA', 'INVESTIMENTO');
    
INSERT INTO CORRENTISTAS(ID_CORRENTISTA, RAZAO_SOCIAL, CNPJ, TIPO)
    VALUES(CORRENTISTAS_SEQ.NEXTVAL, 'NA', 'NA', 'CONJUNTA');
INSERT INTO CORRENTISTAS(ID_CORRENTISTA, RAZAO_SOCIAL, CNPJ, TIPO)
    VALUES(CORRENTISTAS_SEQ.NEXTVAL, 'NA', 'NA', 'CONJUNTA');
INSERT INTO CORRENTISTAS(ID_CORRENTISTA, RAZAO_SOCIAL, CNPJ, TIPO)
    VALUES(CORRENTISTAS_SEQ.NEXTVAL, 'NA', 'NA', 'CONJUNTA');
INSERT INTO CORRENTISTAS(ID_CORRENTISTA, RAZAO_SOCIAL, CNPJ, TIPO)
    VALUES(CORRENTISTAS_SEQ.NEXTVAL, 'GOOD BURGUER', 64977726000161, 'PJ');
INSERT INTO CORRENTISTAS(ID_CORRENTISTA, RAZAO_SOCIAL, CNPJ, TIPO)
    VALUES(CORRENTISTAS_SEQ.NEXTVAL, 'SOLO NIGHTCLUB', 26742846000190, 'PJ');
INSERT INTO CORRENTISTAS(ID_CORRENTISTA, RAZAO_SOCIAL, CNPJ, TIPO)
    VALUES(CORRENTISTAS_SEQ.NEXTVAL, 'NA', 'NA', 'PF');
INSERT INTO CORRENTISTAS(ID_CORRENTISTA, RAZAO_SOCIAL, CNPJ, TIPO)
    VALUES(CORRENTISTAS_SEQ.NEXTVAL, 'NA', 'NA', 'PF');
INSERT INTO CORRENTISTAS(ID_CORRENTISTA, RAZAO_SOCIAL, CNPJ, TIPO)
    VALUES(CORRENTISTAS_SEQ.NEXTVAL, 'NA', 'NA', 'INVESTIMENTO');
INSERT INTO CORRENTISTAS(ID_CORRENTISTA, RAZAO_SOCIAL, CNPJ, TIPO)
    VALUES(CORRENTISTAS_SEQ.NEXTVAL, 'NA', 'NA', 'INVESTIMENTO');
INSERT INTO CORRENTISTAS(ID_CORRENTISTA, RAZAO_SOCIAL, CNPJ, TIPO)
    VALUES(CORRENTISTAS_SEQ.NEXTVAL, 'NA', 'NA', 'INVESTIMENTO');
    

INSERT INTO CORRENTISTAS(ID_CORRENTISTA, RAZAO_SOCIAL, CNPJ, TIPO)
    VALUES(CORRENTISTAS_SEQ.NEXTVAL, 'NA', 'NA', 'CONJUNTA');
INSERT INTO CORRENTISTAS(ID_CORRENTISTA, RAZAO_SOCIAL, CNPJ, TIPO)
    VALUES(CORRENTISTAS_SEQ.NEXTVAL, 'NA', 'NA', 'CONJUNTA');
INSERT INTO CORRENTISTAS(ID_CORRENTISTA, RAZAO_SOCIAL, CNPJ, TIPO)
    VALUES(CORRENTISTAS_SEQ.NEXTVAL, 'NA', 'NA', 'CONJUNTA');
INSERT INTO CORRENTISTAS(ID_CORRENTISTA, RAZAO_SOCIAL, CNPJ, TIPO)
    VALUES(CORRENTISTAS_SEQ.NEXTVAL, 'TRAVEL TRANSPORTES', 10484069000191, 'PJ');
INSERT INTO CORRENTISTAS(ID_CORRENTISTA, RAZAO_SOCIAL, CNPJ, TIPO)
    VALUES(CORRENTISTAS_SEQ.NEXTVAL, 'UNICORN IT', 10114122000162, 'PJ');
INSERT INTO CORRENTISTAS(ID_CORRENTISTA, RAZAO_SOCIAL, CNPJ, TIPO)
    VALUES(CORRENTISTAS_SEQ.NEXTVAL, 'NA', 'NA', 'PF');
INSERT INTO CORRENTISTAS(ID_CORRENTISTA, RAZAO_SOCIAL, CNPJ, TIPO)
    VALUES(CORRENTISTAS_SEQ.NEXTVAL, 'NA', 'NA', 'PF');
INSERT INTO CORRENTISTAS(ID_CORRENTISTA, RAZAO_SOCIAL, CNPJ, TIPO)
    VALUES(CORRENTISTAS_SEQ.NEXTVAL, 'NA', 'NA', 'INVESTIMENTO');
INSERT INTO CORRENTISTAS(ID_CORRENTISTA, RAZAO_SOCIAL, CNPJ, TIPO)
    VALUES(CORRENTISTAS_SEQ.NEXTVAL, 'NA', 'NA', 'INVESTIMENTO');
INSERT INTO CORRENTISTAS(ID_CORRENTISTA, RAZAO_SOCIAL, CNPJ, TIPO)
    VALUES(CORRENTISTAS_SEQ.NEXTVAL, 'NA', 'NA', 'INVESTIMENTO');

----------CORRENTISTAS_X_CLIENTES

INSERT INTO CORRENTISTAS_X_CLIENTES(ID, FK_ID_CORRENTISTA, FK_CPF_CLIENTE)
    VALUES(CORRENTISTAS_X_CLIENTES_SEQ.NEXTVAL, 1, 95009367041);
INSERT INTO CORRENTISTAS_X_CLIENTES(ID, FK_ID_CORRENTISTA, FK_CPF_CLIENTE)
    VALUES(CORRENTISTAS_X_CLIENTES_SEQ.NEXTVAL, 1, 62415292001);
INSERT INTO CORRENTISTAS_X_CLIENTES(ID, FK_ID_CORRENTISTA, FK_CPF_CLIENTE)
    VALUES(CORRENTISTAS_X_CLIENTES_SEQ.NEXTVAL, 2, 35030027076);
INSERT INTO CORRENTISTAS_X_CLIENTES(ID, FK_ID_CORRENTISTA, FK_CPF_CLIENTE)
    VALUES(CORRENTISTAS_X_CLIENTES_SEQ.NEXTVAL, 2, 376809000);
INSERT INTO CORRENTISTAS_X_CLIENTES(ID, FK_ID_CORRENTISTA, FK_CPF_CLIENTE)
    VALUES(CORRENTISTAS_X_CLIENTES_SEQ.NEXTVAL, 3, 82007976005);
INSERT INTO CORRENTISTAS_X_CLIENTES(ID, FK_ID_CORRENTISTA, FK_CPF_CLIENTE)
    VALUES(CORRENTISTAS_X_CLIENTES_SEQ.NEXTVAL, 3, 77363744068);
INSERT INTO CORRENTISTAS_X_CLIENTES(ID, FK_ID_CORRENTISTA, FK_CPF_CLIENTE)
    VALUES(CORRENTISTAS_X_CLIENTES_SEQ.NEXTVAL, 4, 22352620074);
INSERT INTO CORRENTISTAS_X_CLIENTES(ID, FK_ID_CORRENTISTA, FK_CPF_CLIENTE)
    VALUES(CORRENTISTAS_X_CLIENTES_SEQ.NEXTVAL, 4, 24406473068);
INSERT INTO CORRENTISTAS_X_CLIENTES(ID, FK_ID_CORRENTISTA, FK_CPF_CLIENTE)
    VALUES(CORRENTISTAS_X_CLIENTES_SEQ.NEXTVAL, 4, 82007976005);
INSERT INTO CORRENTISTAS_X_CLIENTES(ID, FK_ID_CORRENTISTA, FK_CPF_CLIENTE)
    VALUES(CORRENTISTAS_X_CLIENTES_SEQ.NEXTVAL, 5, 95009367041);
INSERT INTO CORRENTISTAS_X_CLIENTES(ID, FK_ID_CORRENTISTA, FK_CPF_CLIENTE)
    VALUES(CORRENTISTAS_X_CLIENTES_SEQ.NEXTVAL, 5, 61825104042);
INSERT INTO CORRENTISTAS_X_CLIENTES(ID, FK_ID_CORRENTISTA, FK_CPF_CLIENTE)
    VALUES(CORRENTISTAS_X_CLIENTES_SEQ.NEXTVAL, 5, 35030027076);
INSERT INTO CORRENTISTAS_X_CLIENTES(ID, FK_ID_CORRENTISTA, FK_CPF_CLIENTE)
    VALUES(CORRENTISTAS_X_CLIENTES_SEQ.NEXTVAL, 6, 95009367041);
INSERT INTO CORRENTISTAS_X_CLIENTES(ID, FK_ID_CORRENTISTA, FK_CPF_CLIENTE)
    VALUES(CORRENTISTAS_X_CLIENTES_SEQ.NEXTVAL, 7, 376809000);
INSERT INTO CORRENTISTAS_X_CLIENTES(ID, FK_ID_CORRENTISTA, FK_CPF_CLIENTE)
    VALUES(CORRENTISTAS_X_CLIENTES_SEQ.NEXTVAL, 8, 22352620074);
INSERT INTO CORRENTISTAS_X_CLIENTES(ID, FK_ID_CORRENTISTA, FK_CPF_CLIENTE)
    VALUES(CORRENTISTAS_X_CLIENTES_SEQ.NEXTVAL, 9, 61825104042);
INSERT INTO CORRENTISTAS_X_CLIENTES(ID, FK_ID_CORRENTISTA, FK_CPF_CLIENTE)
    VALUES(CORRENTISTAS_X_CLIENTES_SEQ.NEXTVAL, 10, 24406473068);
    
INSERT INTO CORRENTISTAS_X_CLIENTES(ID, FK_ID_CORRENTISTA, FK_CPF_CLIENTE)
    VALUES(CORRENTISTAS_X_CLIENTES_SEQ.NEXTVAL, 11, 95009367041);
INSERT INTO CORRENTISTAS_X_CLIENTES(ID, FK_ID_CORRENTISTA, FK_CPF_CLIENTE)
    VALUES(CORRENTISTAS_X_CLIENTES_SEQ.NEXTVAL, 11, 62415292001);
INSERT INTO CORRENTISTAS_X_CLIENTES(ID, FK_ID_CORRENTISTA, FK_CPF_CLIENTE)
    VALUES(CORRENTISTAS_X_CLIENTES_SEQ.NEXTVAL, 12, 35030027076);
INSERT INTO CORRENTISTAS_X_CLIENTES(ID, FK_ID_CORRENTISTA, FK_CPF_CLIENTE)
    VALUES(CORRENTISTAS_X_CLIENTES_SEQ.NEXTVAL, 12, 376809000);
INSERT INTO CORRENTISTAS_X_CLIENTES(ID, FK_ID_CORRENTISTA, FK_CPF_CLIENTE)
    VALUES(CORRENTISTAS_X_CLIENTES_SEQ.NEXTVAL, 13, 82007976005);
INSERT INTO CORRENTISTAS_X_CLIENTES(ID, FK_ID_CORRENTISTA, FK_CPF_CLIENTE)
    VALUES(CORRENTISTAS_X_CLIENTES_SEQ.NEXTVAL, 13, 77363744068);
INSERT INTO CORRENTISTAS_X_CLIENTES(ID, FK_ID_CORRENTISTA, FK_CPF_CLIENTE)
    VALUES(CORRENTISTAS_X_CLIENTES_SEQ.NEXTVAL, 14, 22352620074);
INSERT INTO CORRENTISTAS_X_CLIENTES(ID, FK_ID_CORRENTISTA, FK_CPF_CLIENTE)
    VALUES(CORRENTISTAS_X_CLIENTES_SEQ.NEXTVAL, 14, 24406473068);
INSERT INTO CORRENTISTAS_X_CLIENTES(ID, FK_ID_CORRENTISTA, FK_CPF_CLIENTE)
    VALUES(CORRENTISTAS_X_CLIENTES_SEQ.NEXTVAL, 14, 82007976005);
INSERT INTO CORRENTISTAS_X_CLIENTES(ID, FK_ID_CORRENTISTA, FK_CPF_CLIENTE)
    VALUES(CORRENTISTAS_X_CLIENTES_SEQ.NEXTVAL, 15, 95009367041);
INSERT INTO CORRENTISTAS_X_CLIENTES(ID, FK_ID_CORRENTISTA, FK_CPF_CLIENTE)
    VALUES(CORRENTISTAS_X_CLIENTES_SEQ.NEXTVAL, 15, 61825104042);
INSERT INTO CORRENTISTAS_X_CLIENTES(ID, FK_ID_CORRENTISTA, FK_CPF_CLIENTE)
    VALUES(CORRENTISTAS_X_CLIENTES_SEQ.NEXTVAL, 15, 35030027076);
INSERT INTO CORRENTISTAS_X_CLIENTES(ID, FK_ID_CORRENTISTA, FK_CPF_CLIENTE)
    VALUES(CORRENTISTAS_X_CLIENTES_SEQ.NEXTVAL, 16, 95009367041);
INSERT INTO CORRENTISTAS_X_CLIENTES(ID, FK_ID_CORRENTISTA, FK_CPF_CLIENTE)
    VALUES(CORRENTISTAS_X_CLIENTES_SEQ.NEXTVAL, 17, 376809000);
INSERT INTO CORRENTISTAS_X_CLIENTES(ID, FK_ID_CORRENTISTA, FK_CPF_CLIENTE)
    VALUES(CORRENTISTAS_X_CLIENTES_SEQ.NEXTVAL, 18, 22352620074);
INSERT INTO CORRENTISTAS_X_CLIENTES(ID, FK_ID_CORRENTISTA, FK_CPF_CLIENTE)
    VALUES(CORRENTISTAS_X_CLIENTES_SEQ.NEXTVAL, 19, 61825104042);
INSERT INTO CORRENTISTAS_X_CLIENTES(ID, FK_ID_CORRENTISTA, FK_CPF_CLIENTE)
    VALUES(CORRENTISTAS_X_CLIENTES_SEQ.NEXTVAL, 20, 24406473068);
    
INSERT INTO CORRENTISTAS_X_CLIENTES(ID, FK_ID_CORRENTISTA, FK_CPF_CLIENTE)
    VALUES(CORRENTISTAS_X_CLIENTES_SEQ.NEXTVAL, 21, 95009367041);
INSERT INTO CORRENTISTAS_X_CLIENTES(ID, FK_ID_CORRENTISTA, FK_CPF_CLIENTE)
    VALUES(CORRENTISTAS_X_CLIENTES_SEQ.NEXTVAL, 21, 62415292001);
INSERT INTO CORRENTISTAS_X_CLIENTES(ID, FK_ID_CORRENTISTA, FK_CPF_CLIENTE)
    VALUES(CORRENTISTAS_X_CLIENTES_SEQ.NEXTVAL, 22, 35030027076);
INSERT INTO CORRENTISTAS_X_CLIENTES(ID, FK_ID_CORRENTISTA, FK_CPF_CLIENTE)
    VALUES(CORRENTISTAS_X_CLIENTES_SEQ.NEXTVAL, 22, 376809000);
INSERT INTO CORRENTISTAS_X_CLIENTES(ID, FK_ID_CORRENTISTA, FK_CPF_CLIENTE)
    VALUES(CORRENTISTAS_X_CLIENTES_SEQ.NEXTVAL, 23, 82007976005);
INSERT INTO CORRENTISTAS_X_CLIENTES(ID, FK_ID_CORRENTISTA, FK_CPF_CLIENTE)
    VALUES(CORRENTISTAS_X_CLIENTES_SEQ.NEXTVAL, 23, 77363744068);
INSERT INTO CORRENTISTAS_X_CLIENTES(ID, FK_ID_CORRENTISTA, FK_CPF_CLIENTE)
    VALUES(CORRENTISTAS_X_CLIENTES_SEQ.NEXTVAL, 24, 22352620074);
INSERT INTO CORRENTISTAS_X_CLIENTES(ID, FK_ID_CORRENTISTA, FK_CPF_CLIENTE)
    VALUES(CORRENTISTAS_X_CLIENTES_SEQ.NEXTVAL, 24, 24406473068);
INSERT INTO CORRENTISTAS_X_CLIENTES(ID, FK_ID_CORRENTISTA, FK_CPF_CLIENTE)
    VALUES(CORRENTISTAS_X_CLIENTES_SEQ.NEXTVAL, 24, 82007976005);
INSERT INTO CORRENTISTAS_X_CLIENTES(ID, FK_ID_CORRENTISTA, FK_CPF_CLIENTE)
    VALUES(CORRENTISTAS_X_CLIENTES_SEQ.NEXTVAL, 25, 95009367041);
INSERT INTO CORRENTISTAS_X_CLIENTES(ID, FK_ID_CORRENTISTA, FK_CPF_CLIENTE)
    VALUES(CORRENTISTAS_X_CLIENTES_SEQ.NEXTVAL, 25, 61825104042);
INSERT INTO CORRENTISTAS_X_CLIENTES(ID, FK_ID_CORRENTISTA, FK_CPF_CLIENTE)
    VALUES(CORRENTISTAS_X_CLIENTES_SEQ.NEXTVAL, 25, 35030027076);
INSERT INTO CORRENTISTAS_X_CLIENTES(ID, FK_ID_CORRENTISTA, FK_CPF_CLIENTE)
    VALUES(CORRENTISTAS_X_CLIENTES_SEQ.NEXTVAL, 26, 95009367041);
INSERT INTO CORRENTISTAS_X_CLIENTES(ID, FK_ID_CORRENTISTA, FK_CPF_CLIENTE)
    VALUES(CORRENTISTAS_X_CLIENTES_SEQ.NEXTVAL, 27, 376809000);
INSERT INTO CORRENTISTAS_X_CLIENTES(ID, FK_ID_CORRENTISTA, FK_CPF_CLIENTE)
    VALUES(CORRENTISTAS_X_CLIENTES_SEQ.NEXTVAL, 28, 22352620074);
INSERT INTO CORRENTISTAS_X_CLIENTES(ID, FK_ID_CORRENTISTA, FK_CPF_CLIENTE)
    VALUES(CORRENTISTAS_X_CLIENTES_SEQ.NEXTVAL, 29, 61825104042);
INSERT INTO CORRENTISTAS_X_CLIENTES(ID, FK_ID_CORRENTISTA, FK_CPF_CLIENTE)
    VALUES(CORRENTISTAS_X_CLIENTES_SEQ.NEXTVAL, 30, 24406473068);

----------

INSERT INTO AGENCIAS_X_CORRENTISTAS(ID, FK_ID_AGENCIA, FK_ID_CORRENTISTA)
    VALUES(AGENCIAS_X_CORRENTISTAS_SEQ.NEXTVAL, 1, 1);
INSERT INTO AGENCIAS_X_CORRENTISTAS(ID, FK_ID_AGENCIA, FK_ID_CORRENTISTA)
    VALUES(AGENCIAS_X_CORRENTISTAS_SEQ.NEXTVAL, 2, 2);
INSERT INTO AGENCIAS_X_CORRENTISTAS(ID, FK_ID_AGENCIA, FK_ID_CORRENTISTA)
    VALUES(AGENCIAS_X_CORRENTISTAS_SEQ.NEXTVAL, 3, 3);
INSERT INTO AGENCIAS_X_CORRENTISTAS(ID, FK_ID_AGENCIA, FK_ID_CORRENTISTA)
    VALUES(AGENCIAS_X_CORRENTISTAS_SEQ.NEXTVAL, 1, 4);
INSERT INTO AGENCIAS_X_CORRENTISTAS(ID, FK_ID_AGENCIA, FK_ID_CORRENTISTA)
    VALUES(AGENCIAS_X_CORRENTISTAS_SEQ.NEXTVAL, 2, 5);
INSERT INTO AGENCIAS_X_CORRENTISTAS(ID, FK_ID_AGENCIA, FK_ID_CORRENTISTA)
    VALUES(AGENCIAS_X_CORRENTISTAS_SEQ.NEXTVAL, 3, 6);
INSERT INTO AGENCIAS_X_CORRENTISTAS(ID, FK_ID_AGENCIA, FK_ID_CORRENTISTA)
    VALUES(AGENCIAS_X_CORRENTISTAS_SEQ.NEXTVAL, 1, 7);
INSERT INTO AGENCIAS_X_CORRENTISTAS(ID, FK_ID_AGENCIA, FK_ID_CORRENTISTA)
    VALUES(AGENCIAS_X_CORRENTISTAS_SEQ.NEXTVAL, 2, 8);
INSERT INTO AGENCIAS_X_CORRENTISTAS(ID, FK_ID_AGENCIA, FK_ID_CORRENTISTA)
    VALUES(AGENCIAS_X_CORRENTISTAS_SEQ.NEXTVAL, 3, 9);
INSERT INTO AGENCIAS_X_CORRENTISTAS(ID, FK_ID_AGENCIA, FK_ID_CORRENTISTA)
    VALUES(AGENCIAS_X_CORRENTISTAS_SEQ.NEXTVAL, 1, 10);

SELECT PAISES.NOME PAIS, BANCOS.NOME BANCO FROM BANCOS 
    INNER JOIN AGENCIAS ON AGENCIAS.FK_ID_BANCO = ID_BANCO
    INNER JOIN ENDERECOS ON AGENCIAS.FK_ID_ENDERECO = ID_ENDERECO
    INNER JOIN BAIRROS ON ENDERECOS.FK_ID_BAIRRO = ID_BAIRRO
    INNER JOIN CIDADES ON BAIRROS.FK_ID_CIDADE = ID_CIDADE
    INNER JOIN ESTADOS ON CIDADES.FK_ID_ESTADO = ID_ESTADO
    INNER JOIN PAISES ON ESTADOS.FK_ID_PAIS = ID_PAIS;  
    
SELECT AGENCIAS.CODIGO, AGENCIAS.NOME AG, ENDERECOS.LOGRADOURO, ENDERECOS.NUMERO, ENDERECOS.COMPLEMENTO, BAIRROS.NOME BAIRRO, CIDADES.NOME CIDADE, CLIENTES.CPF, CLIENTES.NOME CLIENTE, CLIENTES.RG, CONJUGE, ESTADO_CIVIL, DATA_NASCIMENTO FROM AGENCIAS
    INNER JOIN ENDERECOS ON AGENCIAS.FK_ID_ENDERECO = ID_ENDERECO
    INNER JOIN BAIRROS ON ENDERECOS.FK_ID_BAIRRO = ID_BAIRRO
    INNER JOIN CIDADES ON BAIRROS.FK_ID_CIDADE = ID_CIDADE
    INNER JOIN AGENCIAS_X_CORRENTISTAS ON AGENCIAS.ID_AGENCIA = AGENCIAS_X_CORRENTISTAS.FK_ID_AGENCIA
    INNER JOIN CORRENTISTAS ON AGENCIAS_X_CORRENTISTAS.FK_ID_CORRENTISTA = CORRENTISTAS.ID_CORRENTISTA
    INNER JOIN CORRENTISTAS_X_CLIENTES ON CORRENTISTAS.ID_CORRENTISTA = CORRENTISTAS_X_CLIENTES.FK_ID_CORRENTISTA
    INNER JOIN CLIENTES ON CORRENTISTAS_X_CLIENTES.FK_CPF_CLIENTE = CPF;

SELECT CLIENTES.CPF, CLIENTES.NOME, CLIENTES.RG, CONJUGE, ESTADO_CIVIL, DATA_NASCIMENTO, ENDERECOS.LOGRADOURO, ENDERECOS.NUMERO, ENDERECOS.COMPLEMENTO, BAIRROS.NOME BAIRRO, CIDADES.NOME CIDADE FROM CLIENTES 
    INNER JOIN ENDERECOS ON CLIENTES.FK_ID_ENDERECO = ID_ENDERECO
    INNER JOIN BAIRROS ON ENDERECOS.FK_ID_BAIRRO = ID_BAIRRO
    INNER JOIN CIDADES ON BAIRROS.FK_ID_CIDADE = ID_CIDADE;
    
    
    
    
    